[
  {
    "segment": "container_1.png",
    "x": 638,
    "y": 102,
    "width": 256,
    "height": 751
  },
  {
    "segment": "container_2.png",
    "x": 898,
    "y": 102,
    "width": 256,
    "height": 1215
  },
  {
    "segment": "container_3.png",
    "x": 915,
    "y": 102,
    "width": 256,
    "height": 1123
  },
  {
    "segment": "container_4.png",
    "x": 344,
    "y": 1537,
    "width": 1200,
    "height": 126
  },
  {
    "segment": "container_5.png",
    "x": 494,
    "y": 1799,
    "width": 900,
    "height": 132
  },
  {
    "segment": "container_6.png",
    "x": 494,
    "y": 1799,
    "width": 900,
    "height": 132
  },
  {
    "segment": "container_7.png",
    "x": 464,
    "y": 2009,
    "width": 960,
    "height": 666
  },
  {
    "segment": "container_8.png",
    "x": 464,
    "y": 2133,
    "width": 960,
    "height": 542
  },
  {
    "segment": "container_9.png",
    "x": 464,
    "y": 2133,
    "width": 960,
    "height": 542
  },
  {
    "segment": "container_10.png",
    "x": 464,
    "y": 2133,
    "width": 960,
    "height": 542
  },
  {
    "segment": "container_11.png",
    "x": 344,
    "y": 2919,
    "width": 1200,
    "height": 132
  },
  {
    "segment": "container_12.png",
    "x": 304,
    "y": 3543,
    "width": 1280,
    "height": 800
  },
  {
    "segment": "container_13.png",
    "x": 304,
    "y": 3543,
    "width": 1280,
    "height": 800
  },
  {
    "segment": "container_14.png",
    "x": 304,
    "y": 3543,
    "width": 1280,
    "height": 728
  },
  {
    "segment": "container_15.png",
    "x": 304,
    "y": 3543,
    "width": 1280,
    "height": 728
  },
  {
    "segment": "container_16.png",
    "x": 304,
    "y": 3543,
    "width": 1280,
    "height": 728
  },
  {
    "segment": "container_17.png",
    "x": -1774,
    "y": 3651,
    "width": 487,
    "height": 513
  },
  {
    "segment": "container_18.png",
    "x": -1774,
    "y": 3651,
    "width": 487,
    "height": 513
  },
  {
    "segment": "container_19.png",
    "x": -1774,
    "y": 3651,
    "width": 487,
    "height": 513
  },
  {
    "segment": "container_20.png",
    "x": -1774,
    "y": 3651,
    "width": 487,
    "height": 513
  },
  {
    "segment": "container_21.png",
    "x": -1096,
    "y": 3543,
    "width": 587,
    "height": 814
  },
  {
    "segment": "container_22.png",
    "x": -1096,
    "y": 3543,
    "width": 587,
    "height": 545
  },
  {
    "segment": "container_23.png",
    "x": -1064,
    "y": 3680,
    "width": 523,
    "height": 353
  },
  {
    "segment": "container_24.png",
    "x": -1064,
    "y": 3714,
    "width": 523,
    "height": 319
  },
  {
    "segment": "container_25.png",
    "x": -1064,
    "y": 3714,
    "width": 523,
    "height": 259
  },
  {
    "segment": "container_26.png",
    "x": -1064,
    "y": 3714,
    "width": 523,
    "height": 259
  },
  {
    "segment": "container_27.png",
    "x": 304,
    "y": 3543,
    "width": 1280,
    "height": 728
  },
  {
    "segment": "container_28.png",
    "x": 304,
    "y": 3543,
    "width": 1280,
    "height": 728
  },
  {
    "segment": "container_29.png",
    "x": 304,
    "y": 3543,
    "width": 587,
    "height": 762
  },
  {
    "segment": "container_30.png",
    "x": 304,
    "y": 3543,
    "width": 587,
    "height": 493
  },
  {
    "segment": "container_31.png",
    "x": 336,
    "y": 3680,
    "width": 523,
    "height": 301
  },
  {
    "segment": "container_32.png",
    "x": 336,
    "y": 3714,
    "width": 523,
    "height": 267
  },
  {
    "segment": "container_33.png",
    "x": 336,
    "y": 3714,
    "width": 523,
    "height": 207
  },
  {
    "segment": "container_34.png",
    "x": 336,
    "y": 3714,
    "width": 523,
    "height": 207
  },
  {
    "segment": "container_35.png",
    "x": 304,
    "y": 4037,
    "width": 587,
    "height": 167
  },
  {
    "segment": "container_36.png",
    "x": 304,
    "y": 4204,
    "width": 587,
    "height": 102
  },
  {
    "segment": "container_37.png",
    "x": 304,
    "y": 4204,
    "width": 587,
    "height": 102
  },
  {
    "segment": "container_38.png",
    "x": 954,
    "y": 3543,
    "width": 631,
    "height": 728
  },
  {
    "segment": "container_39.png",
    "x": 954,
    "y": 3543,
    "width": 631,
    "height": 728
  },
  {
    "segment": "container_40.png",
    "x": 954,
    "y": 3543,
    "width": 631,
    "height": 728
  },
  {
    "segment": "container_41.png",
    "x": 954,
    "y": 3543,
    "width": 631,
    "height": 728
  },
  {
    "segment": "container_42.png",
    "x": 954,
    "y": 3543,
    "width": 631,
    "height": 728
  },
  {
    "segment": "container_43.png",
    "x": 1026,
    "y": 3651,
    "width": 487,
    "height": 513
  },
  {
    "segment": "container_44.png",
    "x": 1026,
    "y": 3651,
    "width": 487,
    "height": 513
  },
  {
    "segment": "container_45.png",
    "x": 1026,
    "y": 3651,
    "width": 487,
    "height": 513
  },
  {
    "segment": "container_46.png",
    "x": 1026,
    "y": 3651,
    "width": 487,
    "height": 513
  },
  {
    "segment": "container_47.png",
    "x": 304,
    "y": 3543,
    "width": 1280,
    "height": 728
  },
  {
    "segment": "container_48.png",
    "x": 304,
    "y": 4685,
    "width": 1280,
    "height": 157
  },
  {
    "segment": "container_49.png",
    "x": 304,
    "y": 4706,
    "width": 1280,
    "height": 136
  },
  {
    "segment": "container_50.png",
    "x": 304,
    "y": 4706,
    "width": 714,
    "height": 112
  },
  {
    "segment": "container_51.png",
    "x": 304,
    "y": 4706,
    "width": 714,
    "height": 112
  },
  {
    "segment": "container_52.png",
    "x": 304,
    "y": 4706,
    "width": 714,
    "height": 112
  },
  {
    "segment": "container_53.png",
    "x": 1168,
    "y": 4706,
    "width": 416,
    "height": 136
  },
  {
    "segment": "container_54.png",
    "x": 344,
    "y": 5931,
    "width": 600,
    "height": 191
  },
  {
    "segment": "container_55.png",
    "x": 344,
    "y": 5931,
    "width": 600,
    "height": 127
  },
  {
    "segment": "container_56.png",
    "x": 189,
    "y": 6370,
    "width": 1511,
    "height": 132
  },
  {
    "segment": "container_57.png",
    "x": 189,
    "y": 6370,
    "width": 1511,
    "height": 132
  },
  {
    "segment": "container_58.png",
    "x": 400,
    "y": 7291,
    "width": 1088,
    "height": 182
  },
  {
    "segment": "container_59.png",
    "x": 400,
    "y": 7291,
    "width": 320,
    "height": 182
  },
  {
    "segment": "container_60.png",
    "x": 784,
    "y": 7291,
    "width": 320,
    "height": 161
  },
  {
    "segment": "container_61.png",
    "x": 1168,
    "y": 7291,
    "width": 320,
    "height": 162
  },
  {
    "segment": "container_62.png",
    "x": 400,
    "y": 7537,
    "width": 1088,
    "height": 185
  },
  {
    "segment": "container_63.png",
    "x": 400,
    "y": 7537,
    "width": 320,
    "height": 154
  },
  {
    "segment": "container_64.png",
    "x": 784,
    "y": 7537,
    "width": 320,
    "height": 154
  },
  {
    "segment": "container_65.png",
    "x": 1168,
    "y": 7537,
    "width": 320,
    "height": 185
  },
  {
    "segment": "container_66.png",
    "x": 344,
    "y": 8015,
    "width": 600,
    "height": 262
  },
  {
    "segment": "container_67.png",
    "x": 344,
    "y": 8015,
    "width": 600,
    "height": 180
  },
  {
    "segment": "container_68.png",
    "x": 344,
    "y": 8015,
    "width": 600,
    "height": 106
  },
  {
    "segment": "container_69.png",
    "x": 344,
    "y": 8015,
    "width": 600,
    "height": 106
  },
  {
    "segment": "container_70.png",
    "x": 464,
    "y": 8570,
    "width": 960,
    "height": 158
  },
  {
    "segment": "container_71.png",
    "x": 464,
    "y": 8570,
    "width": 960,
    "height": 158
  }
]